schema	android-ndk-nativeactivity-apk-v1
package	org.isomorphisms.mostow
version_code	1
version_name	0.1
abi	armeabi-v7a
native_library	libmostow.so
native_sha256	a91a464d6b42a5710a17f25d8e1a5b91345baad4c35082297e0b6dbb142dd1d9
manifest_sha256	b40a11df6b706ef63f3be457ad63bb91a1d97d6cd8a3bdd894a0696f4a949a20
apk_sha256	f6b2437a124acd37b07cc3296ea7153f886a5aad4744de5b75b079963802dca1
signer_cert_sha256	de9b1d47c5a65e6d46a204b79dd9ee566b9d3c9832ba81ebc4213d3392e92ff9
source_commit	12aa1481bad53334e1506435f8bf8c71060960c4
